,Model_Year,Make,Model,Trim,Body_Style,Color_Interior,Color_Exterior,Engine,Displacement,Transmission,Transmission_Detail,VIN,Condition,Mileage,Days_on_Site,Private_or_Dealer,Price,Title_Clean_Filter,PriceHistory
0_682854947,2019,Aston Martin,V8 Vantage,Coupe,Coupe,Black,Blue,8-Cylinder Turbo,4,Automatic,8-Speed Automatic,SCFSMGAW3KGN00612,USED,"30,943",542,Private Seller Exchange,77995.0,False,
0_707264347,2019,Aston Martin,V8 Vantage,Coupe,Coupe,Black,Silver,8-Cylinder Turbo,4,Automatic,8-Speed Automatic,SCFSMGAW3KGN01579,USED,"52,000",330,Private Seller Exchange,70000.0,True,
0_718224794,2020,Aston Martin,V8 Vantage,Coupe,Coupe,Black,Gray,8-Cylinder Turbo,4,Automatic,8-Speed Automatic,SCFSMGAW8LGN03815,USED,"15,957",177,Private Seller Exchange,101500.0,True,"[{'dateUpdated': 'Price Today', 'price': '$101,500'}]"
0_718772275,2015,Aston Martin,V8 Vantage,GT,Coupe,Gray,Black,8-Cylinder,4.7,Manual,6-Speed Manual,SCFEBBAL7FGC19529,USED,"12,450",202,Private Seller Exchange,83000.0,True,
0_719633011,2014,Aston Martin,V8 Vantage,Coupe,Coupe,Black,Black,8-Cylinder,4.7,Automatic,7-Speed Automatic,SCFEKBAK1EGC18513,USED,"26,045",192,Private Seller Exchange,54250.0,True,
0_724305348,2021,Aston Martin,V8 Vantage,Coupe,Coupe,Black,Blue,8-Cylinder Turbo,4,Manual,7-Speed Manual,SCFSSGAW0MGN06117,USED,"2,475",142,Private Seller Exchange,139500.0,True,
0_726030649,2011,Aston Martin,V8 Vantage,Coupe,Coupe,Obsidian Black,Titanium Silver,8-Cylinder,4.7,Automatic,6-Speed Automatic,SCFEFBAK6BGC14604,USED,"47,063",78,,42589.0,True,
0_726608242,2016,Aston Martin,V8 Vantage,S,Coupe,Red,Black,8-Cylinder,4.7,Manual,6-Speed Manual,SCFEBBDL0GGC20082,USED,"25,000",117,Private Seller Exchange,69419.0,True,
0_726931410,2011,Aston Martin,V8 Vantage,Coupe,Coupe,Tan,Blue,8-Cylinder,4.7,Automatic,6-Speed Automatic,SCFEFBAKXBGC14833,USED,"27,450",114,Private Seller Exchange,56000.0,True,"[{'dateUpdated': '11.23.2024', 'price': '$53,995'}, {'dateUpdated': '12.04.2024', 'price': '$47,995'}, {'dateUpdated': 'Price Today', 'price': '$56,000'}]"
0_727467670,2021,Aston Martin,V8 Vantage,Coupe,Coupe,Obsidian Black,Silver,8-Cylinder Turbo,4,Automatic,8-Speed Automatic,SCFSMGAW4MGN05496,USED,"39,463",108,,94879.0,True,"[{'dateUpdated': '11.23.2024', 'price': '$94,882'}, {'dateUpdated': '11.28.2024', 'price': '$94,881'}, {'dateUpdated': '12.13.2024', 'price': '$94,880'}, {'dateUpdated': 'Price Today', 'price': '$94,879'}]"
0_729671591,2019,Aston Martin,V8 Vantage,Coupe,Coupe,Pure Black,Lunar White,8-Cylinder Turbo,4,Automatic,8-Speed Automatic,SCFSMGAW8KGN02064,USED,"23,460",85,,89800.0,True,
0_729790253,2019,Aston Martin,V8 Vantage,Coupe,Coupe,Black,Gray,8-Cylinder Turbo,4,Automatic,8-Speed Automatic,SCFSMGAW9KGN02137,USED,"21,750",83,Private Seller Exchange,98750.0,True,
0_730488705,2009,Aston Martin,V8 Vantage,Coupe,Coupe,Black,Silver,8-Cylinder,4.7,Automatic,6-Speed Automatic,SCFBF03C29GC12159,USED,"46,150",76,Private Seller Exchange,41000.0,True,"[{'dateUpdated': '11.23.2024', 'price': '$44,500'}, {'dateUpdated': '11.26.2024', 'price': '$42,000'}, {'dateUpdated': 'Price Today', 'price': '$41,000'}]"
0_730637259,2023,Aston Martin,V8 Vantage,Coupe,Coupe,Gray,Black,8-Cylinder Turbo,4,Automatic,8-Speed Automatic,SCFSMGAW1PGN50755,USED,"1,800",67,Private Seller Exchange,150000.0,True,"[{'dateUpdated': '11.18.2024', 'price': '$157,300'}, {'dateUpdated': 'Price Today', 'price': '$150,000'}]"
0_731846743,2022,Aston Martin,V8 Vantage,Coupe,Coupe,Ivory & Navy Blue,Q Satin Lunar White,8-Cylinder Turbo,4,Automatic,8-Speed Automatic,SCFSMGAW7NGN06353,USED,"13,100",61,,124991.0,True,
0_731993690,2012,Aston Martin,V8 Vantage,S,Coupe,Black,Gray,8-Cylinder,4.7,Automatic,7-Speed Automatic,SCFEKBDL7CGC16122,USED,"51,000",60,Private Seller Exchange,45000.0,True,
0_733828185,2023,Aston Martin,V8 Vantage,Coupe,Coupe,,,8-Cylinder Turbo,4,Automatic,8-Speed Automatic,SCFSMGAW6PGN07111,USED,"2,122",2,,139900.0,True,
0_733874364,2022,Aston Martin,V8 Vantage,Coupe,Coupe,Black,Silver,8-Cylinder Turbo,4,Automatic,8-Speed Automatic,SCFSMGAW1NGN06445,USED,"7,373",40,Private Seller Exchange,137200.0,True,
0_733964082,2019,Aston Martin,V8 Vantage,Coupe,Coupe,Black,Blue,8-Cylinder Turbo,4,Automatic,8-Speed Automatic,SCFSMGAW6KGN00250,USED,"12,000",39,Private Seller Exchange,89900.0,True,"[{'dateUpdated': '12.04.2024', 'price': '$95,500'}, {'dateUpdated': '12.13.2024', 'price': '$93,500'}, {'dateUpdated': '12.20.2024', 'price': '$91,000'}, {'dateUpdated': 'Price Today', 'price': '$89,900'}]"
0_734615032,2007,Aston Martin,V8 Vantage,Coupe,Coupe,Black,Silver,8-Cylinder,4.3,Manual,6-Speed Manual,SCFBB03BX7GC05377,USED,"54,000",32,Private Seller Exchange,43000.0,True,
0_736201697,2020,Aston Martin,V8 Vantage,AMR,Coupe,Black,Black,8-Cylinder Turbo,4,Manual,7-Speed Manual,SCFSSGCW4LGN04446,USED,"21,000",14,Private Seller Exchange,139000.0,True,
0_736373369,2014,Aston Martin,V8 Vantage,Coupe,Coupe,Black,Silver,8-Cylinder,4.7,Manual,6-Speed Manual,SCFEBBAK9EGC18162,USED,"15,700",12,Private Seller Exchange,74900.0,True,
0_736716685,2019,Aston Martin,V8 Vantage,Coupe,Coupe,Black,Gray,8-Cylinder Turbo,4,Automatic,8-Speed Automatic,SCFSMGAW7KGN02072,USED,"12,720",8,Private Seller Exchange,80000.0,True,
0_736732036,2025,Aston Martin,V8 Vantage,Coupe,Coupe,,Silver,8-Cylinder Turbo,4,Automatic,8-Speed Automatic,SCFSMGFW8SGN08990,USED,707,7,,253750.0,True,
0_736780442,2023,Aston Martin,V8 Vantage,Roadster,Convertible,Tan,Black,8-Cylinder Turbo,4,Automatic,8-Speed Automatic,SCFSMGBW4PGP08682,USED,340,6,Private Seller Exchange,185000.0,True,
0_736799870,2020,Aston Martin,V8 Vantage,Coupe,Coupe,Black,Gray,8-Cylinder Turbo,4,Automatic,8-Speed Automatic,SCFSMGAW8LGN03376,USED,"10,264",6,Private Seller Exchange,97950.0,True,
0_736861564,2025,Aston Martin,V8 Vantage,Coupe,Coupe,Phantom Grey,China Grey,8-Cylinder Turbo,4,Automatic,8-Speed Automatic,SCFSMGFW7SGN09628,NEW,53,5,,,False,
0_737103563,2023,Aston Martin,V8 Vantage,Coupe,Coupe,Obsidian Black,Lunar White,8-Cylinder Turbo,4,Automatic,8-Speed Automatic,SCFSMGAW0PGN50648,USED,"2,221",3,,169995.0,True,
25_713156971,2007,Aston Martin,V8 Vantage,Coupe,Coupe,Blue,Blue,8-Cylinder,4.3,Automatic,6-Speed Automatic,SCFBF03B07GC06400,USED,"72,900",264,Private Seller Exchange,35900.0,True,
25_715189722,2023,Aston Martin,V8 Vantage,Roadster,Convertible,Light Argento Metallic,Aluminite Silver,8-Cylinder Turbo,4,Automatic,8-Speed Automatic,SCFSMGBW2PGP07918,USED,"1,580",235,,149990.0,True,"[{'dateUpdated': '12.04.2024', 'price': '$144,890'}, {'dateUpdated': '12.14.2024', 'price': '$151,990'}, {'dateUpdated': 'Price Today', 'price': '$149,990'}]"
25_724980838,2023,Aston Martin,V8 Vantage,Roadster,Convertible,Onyx Black,Liquid Crimson,8-Cylinder Turbo,4,Automatic,8-Speed Automatic,SCFSMGBW6PGP07873,USED,"4,479",135,,149888.0,True,"[{'dateUpdated': '11.26.2024', 'price': '$150,000'}, {'dateUpdated': 'Price Today', 'price': '$149,888'}]"
25_727039840,2025,Aston Martin,V8 Vantage,Coupe,Coupe,All Oxford Tan,Ion Blue,8-Cylinder Turbo,4,Automatic,8-Speed Automatic,SCFSMGFW4SGN09117,USED,32,113,,264200.0,True,
25_727926747,2023,Aston Martin,V8 Vantage,Coupe,Coupe,Onyx Black,Iridescent Emerald,8-Cylinder Turbo,4,Automatic,8-Speed Automatic,SCFSMGAW7PGN07053,USED,"5,069",31,,152900.0,True,
25_729115742,2023,Aston Martin,V8 Vantage,Coupe,Coupe,Onyx Black,Onyx Black,8-Cylinder Turbo,4,Automatic,8-Speed Automatic,SCFSMGAW4PGN07995,USED,"3,312",91,,146900.0,True,"[{'dateUpdated': '11.27.2024', 'price': '$145,900'}, {'dateUpdated': '12.11.2024', 'price': '$144,900'}, {'dateUpdated': '12.27.2024', 'price': '$139,900'}, {'dateUpdated': 'Price Today', 'price': '$146,900'}]"
25_730253856,2020,Aston Martin,V8 Vantage,Coupe,Coupe,Pure Black,Elwood,8-Cylinder Turbo,4,Automatic,8-Speed Automatic,SCFSMGAW4LGN03665,USED,"15,184",79,,96498.0,True,"[{'dateUpdated': '11.14.2024', 'price': '$99,999'}, {'dateUpdated': 'Price Today', 'price': '$96,498'}]"
25_731055683,2023,Aston Martin,V8 Vantage,Coupe,Coupe,Copper Tan Metallic,Hyper Red,8-Cylinder Turbo,4,Automatic,8-Speed Automatic,SCFSMGAW6PGN08128,USED,"5,747",71,,143995.0,True,
25_731101913,2022,Aston Martin,V8 Vantage,Coupe,Coupe,Onyx,Hyper Red,8-Cylinder Turbo,4,Automatic,8-Speed Automatic,SCFSMGAW5NGN06402,USED,"18,848",45,,124599.0,True,
25_731282520,2025,Aston Martin,V8 Vantage,Coupe,Coupe,Onyx Black Haircell Leath,Podium Green,8-Cylinder Turbo,4,Automatic,8-Speed Automatic,SCFSMGFW3SGN09108,USED,362,67,,267900.0,True,"[{'dateUpdated': '11.27.2024', 'price': '$269,900'}, {'dateUpdated': '12.11.2024', 'price': '$264,900'}, {'dateUpdated': '12.27.2024', 'price': '$259,900'}, {'dateUpdated': 'Price Today', 'price': '$267,900'}]"
25_732650301,2023,Aston Martin,V8 Vantage,Coupe,Coupe,Onyx Black/Phantom Grey,Satin Aston Martin Racing Green,8-Cylinder Turbo,4,Automatic,8-Speed Automatic,SCFSMGAW3PGN50675,USED,"19,752",53,,154000.0,True,"[{'dateUpdated': '12.05.2024', 'price': '$147,512'}, {'dateUpdated': '12.05.2024', 'price': '$149,499'}, {'dateUpdated': '12.23.2024', 'price': '$154,999'}, {'dateUpdated': 'Price Today', 'price': '$154,000'}]"
25_733010374,2023,Aston Martin,V8 Vantage,Roadster,Convertible,Black/Phantom Grey,Satin Lunar Whi,8-Cylinder Turbo,4,Automatic,8-Speed Automatic,SCFSMGBW1PGP50632,USED,"4,461",50,,167498.0,True,"[{'dateUpdated': '11.23.2024', 'price': '$169,999'}, {'dateUpdated': '12.19.2024', 'price': '$167,988'}, {'dateUpdated': 'Price Today', 'price': '$167,498'}]"
25_733161274,2022,Aston Martin,V8 Vantage,Coupe,Coupe,Black With Red Inserts,Lunar White,8-Cylinder Turbo,4,Automatic,8-Speed Automatic,SCFSMGAW9NGN06726,USED,"12,430",47,,124800.0,True,
25_733464832,2020,Aston Martin,V8 Vantage,Coupe,Coupe,Black,Q Scorpus Red,8-Cylinder Turbo,4,Automatic,8-Speed Automatic,SCFSMGAW6LGN03313,USED,"15,964",45,,93428.0,True,"[{'dateUpdated': '12.10.2024', 'price': '$94,996'}, {'dateUpdated': '12.13.2024', 'price': '$89,984'}, {'dateUpdated': '12.27.2024', 'price': '$89,450'}, {'dateUpdated': 'Price Today', 'price': '$93,428'}]"
25_733569393,2019,Aston Martin,V8 Vantage,Coupe,Coupe,Cote D Azure,Lightning Silver,8-Cylinder Turbo,4,Automatic,8-Speed Automatic,SCFSMGAWXKGN01627,USED,"8,765",43,,99995.0,True,
25_733578815,2023,Aston Martin,V8 Vantage,Coupe,Coupe,Red Oxide,Magnetic Silver,8-Cylinder Turbo,4,Automatic,8-Speed Automatic,SCFSMGAW3PGN08376,USED,709,43,,140991.0,True,"[{'dateUpdated': '12.07.2024', 'price': '$151,090'}, {'dateUpdated': '12.28.2024', 'price': '$144,309'}, {'dateUpdated': '01.07.2025', 'price': '$147,611'}, {'dateUpdated': 'Price Today', 'price': '$140,991'}]"
25_733818345,2020,Aston Martin,V8 Vantage,Coupe,Coupe,Blue Haze,Mako Blue,8-Cylinder Turbo,4,Automatic,8-Speed Automatic,SCFSMGAW7LGN04650,USED,"14,749",40,,98990.0,True,
25_733943414,2023,Aston Martin,V8 Vantage,Coupe,Coupe,Onyx Black,Onyx Black,8-Cylinder Turbo,4,Automatic,8-Speed Automatic,SCFSMGAW6PGN08193,USED,"3,352",39,,143999.0,True,
25_735111219,2022,Aston Martin,V8 Vantage,Roadster,Convertible,Onyx Black,Frosted Glass Blue,8-Cylinder Turbo,4,Automatic,8-Speed Automatic,SCFSMGBW5NGP06193,USED,"2,585",26,,128885.0,True,
25_735232892,2021,Aston Martin,V8 Vantage,Roadster,Convertible,Blue Haze,Caribbean Blue,8-Cylinder Turbo,4,Automatic,8-Speed Automatic,SCFSMGBW6MGP05181,USED,"8,438",25,,118855.0,True,
25_735589874,2022,Aston Martin,V8 Vantage,Coupe,Coupe,Copper Tan,White Stone,8-Cylinder Turbo,4,Automatic,8-Speed Automatic,SCFSMGAWXNGN06282,USED,"7,834",22,,129994.0,True,
25_735731016,2025,Aston Martin,V8 Vantage,Coupe,Coupe,Onyx Black,Cosmopolitan Yellow,8-Cylinder Turbo,4,Automatic,8-Speed Automatic,SCFSMGFW0SGN08918,USED,"4,099",21,,255885.0,True,
25_736075878,2023,Aston Martin,V8 Vantage,Roadster,Convertible,Onyx Black,Lunar White,8-Cylinder Turbo,4,Automatic,8-Speed Automatic,SCFSMGBW8PGP07535,USED,"1,871",16,,151590.0,True,
25_736437691,2022,Aston Martin,V8 Vantage,Coupe,Coupe,Black,Onyx Black,8-Cylinder Turbo,4,Automatic,8-Speed Automatic,SCFSMGAW2NGN06356,USED,"11,497",11,,124799.0,True,
25_736617881,2021,Aston Martin,V8 Vantage,Coupe,Coupe,Dark Knight,Ultramarine Black,8-Cylinder Turbo,4,Manual,7-Speed Manual,SCFSSGAW1MGN05851,USED,274,9,,151999.0,True,
25_736715159,2020,Aston Martin,V8 Vantage,Coupe,Coupe,Obsidian Black,Yellow,8-Cylinder Turbo,4,Automatic,8-Speed Automatic,SCFSMGAWXLGN03976,USED,"15,895",8,,95995.0,True,
50_699973118,2008,Aston Martin,V8 Vantage,Coupe,Coupe,Obsidian Black,Onyx Black,8-Cylinder,4.3,Automatic,6-Speed Automatic,SCFBF03BX8GC07667,USED,"21,760",417,,44900.0,True,
50_724370349,2019,Aston Martin,V8 Vantage,Coupe,Coupe,Lords Red,China Gray,8-Cylinder Turbo,4,Automatic,8-Speed Automatic,SCFSMGAW9KGN00839,USED,"31,970",26,,82207.0,True,"[{'dateUpdated': '12.17.2024', 'price': '$79,710'}, {'dateUpdated': '12.23.2024', 'price': '$80,782'}, {'dateUpdated': '12.27.2024', 'price': '$80,690'}, {'dateUpdated': 'Price Today', 'price': '$82,207'}]"
50_725415914,2019,Aston Martin,V8 Vantage,Coupe,Coupe,Black,Jet Black,8-Cylinder Turbo,4,Automatic,8-Speed Automatic,SCFSMGAW6KGN01155,USED,"23,139",130,,78900.0,True,"[{'dateUpdated': '11.14.2024', 'price': '$84,000'}, {'dateUpdated': '11.26.2024', 'price': '$82,500'}, {'dateUpdated': '12.04.2024', 'price': '$79,995'}, {'dateUpdated': 'Price Today', 'price': '$78,900'}]"
50_728385624,2020,Aston Martin,V8 Vantage,Coupe,Coupe,Dark Knight,Lightning Silver,8-Cylinder Turbo,4,Automatic,8-Speed Automatic,SCFSMGAW2LGN03972,USED,"18,274",99,,97884.0,True,"[{'dateUpdated': '12.14.2024', 'price': '$99,999'}, {'dateUpdated': '12.21.2024', 'price': '$98,634'}, {'dateUpdated': '12.28.2024', 'price': '$97,999'}, {'dateUpdated': 'Price Today', 'price': '$97,884'}]"
50_728756502,2025,Aston Martin,V8 Vantage,Coupe,Coupe,Dark Knight,Q Ion Blue,8-Cylinder Turbo,4,Automatic,8-Speed Shiftable Automatic,SCFSMGFW5SGN09479,NEW,24,95,,,False,
50_729961056,2025,Aston Martin,V8 Vantage,Coupe,Coupe,Onyx Black,Podium Green,8-Cylinder Turbo,4,Automatic,8-Speed Automatic,SCFSMGFW0SGN09115,NEW,111,81,,,False,
50_729999291,2025,Aston Martin,V8 Vantage,Coupe,Coupe,Light Argento/Onyx Black,Q Cosmos Orange,8-Cylinder Turbo,4,Automatic,8-Speed Automatic,SCFSMGFWXSGN09543,NEW,51,81,,,False,
50_730485360,2019,Aston Martin,V8 Vantage,Coupe,Coupe,Obsidian Black,Lightning Silver,8-Cylinder Turbo,4,Automatic,8-Speed Automatic,SCFSMGAW2KGN02612,USED,"12,780",76,,86581.0,True,
50_731030666,2025,Aston Martin,V8 Vantage,Coupe,Coupe,Onyx Black/Glacier White,Seychelles Blue,8-Cylinder Turbo,4,Automatic,8-Speed Automatic,SCFSMGFW4SGN09134,NEW,40,71,,271000.0,False,
50_731561588,2009,Aston Martin,V8 Vantage,Roadster,Convertible,Obsidian Black,A M Titanium Silver,8-Cylinder,4.7,Automatic,6-Speed Automatic,SCFBF04C39GD11846,USED,"50,413",65,,31697.0,True,"[{'dateUpdated': '11.15.2024', 'price': '$32,997'}, {'dateUpdated': '12.05.2024', 'price': '$32,895'}, {'dateUpdated': '12.23.2024', 'price': '$31,995'}, {'dateUpdated': 'Price Today', 'price': '$31,697'}]"
50_731758851,2011,Aston Martin,V8 Vantage,S,Convertible,Obsidian Black,Lightning Silver,8-Cylinder,4.7,Automatic,7-Speed Automatic,SCFEKBEL6BGD15074,USED,"18,222",63,,56498.0,True,"[{'dateUpdated': '11.14.2024', 'price': '$59,999'}, {'dateUpdated': '11.26.2024', 'price': '$58,750'}, {'dateUpdated': 'Price Today', 'price': '$56,498'}]"
50_731909798,2025,Aston Martin,V8 Vantage,Coupe,Coupe,Light Argento Metallic,Aluminite Silver,8-Cylinder Turbo,4,Automatic,8-Speed Automatic,SCFSMGFW2SGN09830,NEW,54,61,,,False,
50_732266910,2025,Aston Martin,V8 Vantage,Coupe,Coupe,Q Arctic Blue,Elwood Blue,8-Cylinder Turbo,4,Automatic,8-Speed Automatic,SCFSMGFW5SGN09627,NEW,69,57,,,False,
50_732440166,2015,Aston Martin,V8 Vantage,S,Convertible,,White,8-Cylinder,4.7,Automatic,7-Speed Automatic,SCFEKBEL8FGD18838,USED,"10,784",55,,82999.0,True,
50_732459047,2019,Aston Martin,V8 Vantage,Coupe,Coupe,Black,Black,8-Cylinder Turbo,4,Automatic,8-Speed Automatic,SCFSMGAW7KGN00970,USED,"18,414",55,,91995.0,True,
50_732817631,2009,Aston Martin,V8 Vantage,Roadster,Convertible,,Gray,8-Cylinder,4.7,Automatic,6-Speed Automatic,SCFBF04C49GD11953,USED,"13,367",52,,44990.0,True,"[{'dateUpdated': '11.21.2024', 'price': '$47,990'}, {'dateUpdated': '11.27.2024', 'price': '$45,990'}, {'dateUpdated': 'Price Today', 'price': '$44,990'}]"
50_733363866,2020,Aston Martin,V8 Vantage,Coupe,Coupe,Black,Ultramarine Blk,8-Cylinder Turbo,4,Automatic,8-Speed Automatic,SCFSMGAW0LGN03078,USED,"21,763",46,,92488.0,True,"[{'dateUpdated': '11.27.2024', 'price': '$97,499'}, {'dateUpdated': '12.03.2024', 'price': '$92,988'}, {'dateUpdated': 'Price Today', 'price': '$92,488'}]"
50_734136502,2025,Aston Martin,V8 Vantage,Coupe,Coupe,White,Q Ion Blue,8-Cylinder Turbo,4,Automatic,8-Speed Automatic,SCFSMGFW8SGN08987,USED,769,37,,239888.0,True,
50_734266286,2025,Aston Martin,V8 Vantage,Coupe,Coupe,Onyx Black,Podium Green,8-Cylinder Turbo,4,Automatic,8-Speed Shiftable Automatic,SCFSMGFW9SGN09114,NEW,10,36,,282600.0,False,
50_734472248,2025,Aston Martin,V8 Vantage,Coupe,Coupe,Onyx Black,Podium Green,8-Cylinder Turbo,4,Automatic,8-Speed Automatic,SCFSMGFW1SGN09804,NEW,25,33,,,False,
50_734799228,2007,Aston Martin,V8 Vantage,Coupe,Coupe,Phantom Gray,Tungsten Silver,8-Cylinder,4.3,Manual,6-Speed Manual,SCFBB03B97GC05581,USED,"24,219",30,,48692.0,True,"[{'dateUpdated': '12.13.2024', 'price': '$44,776'}, {'dateUpdated': '12.17.2024', 'price': '$51,021'}, {'dateUpdated': 'Price Today', 'price': '$48,692'}]"
50_734996558,2025,Aston Martin,V8 Vantage,Coupe,Coupe,Onyx Black - Semi Aniline/Pale,Caribbean Blue,8-Cylinder Turbo,4,Automatic,8-Speed Automatic,SCFSMGFW7SGN09936,NEW,1,29,,249800.0,False,
50_735898917,2020,Aston Martin,V8 Vantage,Coupe,Coupe,Brown,White,8-Cylinder Turbo,4,Automatic,8-Speed Automatic,SCFSMGAW8LGN03250,USED,"15,574",18,,92500.0,True,"[{'dateUpdated': '12.27.2024', 'price': '$96,991'}, {'dateUpdated': '01.08.2025', 'price': '$93,900'}, {'dateUpdated': 'Price Today', 'price': '$92,500'}]"
50_736506521,2020,Aston Martin,V8 Vantage,Coupe,Coupe,Other,Other,8-Cylinder Turbo,4,Automatic,8-Speed Automatic,SCFSMGAW6LGN03148,USED,"26,609",10,,79991.0,True,
50_736577577,2025,Aston Martin,V8 Vantage,Coupe,Coupe,All Black Metallic,Q Cosmos Orange,8-Cylinder Turbo,4,Automatic,8-Speed Automatic,SCFSMGFW6SGN09913,NEW,33,9,,,False,
75_684644458,2023,Aston Martin,V8 Vantage,Roadster,Convertible,All Onyx Blk Haircell Lea,Q Satin Plasma Blue,8-Cylinder Turbo,4,Automatic,8-Speed Automatic,SCFSMGBW7PGP08336,USED,24,590,,179000.0,True,
75_722081258,2023,Aston Martin,V8 Vantage,Coupe,Coupe,Onyx Black,Lunar White,8-Cylinder Turbo,4,Automatic,8-Speed Automatic,SCFSMGAWXPGN08049,USED,"6,612",165,,163900.0,True,
75_725603752,2023,Aston Martin,V8 Vantage,Coupe,Coupe,Chancellor Red,Aluminite Silver,8-Cylinder Turbo,4,Automatic,8-Speed Automatic,SCFSMGAW1PGN08280,USED,980,128,,144000.0,True,
75_726821135,2021,Aston Martin,V8 Vantage,Roadster,Convertible,White,Pentland Green,8-Cylinder Turbo,4,Automatic,8-Speed Automatic,SCFSMGBW6MGP05746,USED,"9,411",115,,123588.0,True,"[{'dateUpdated': '12.04.2024', 'price': '$125,888'}, {'dateUpdated': '12.11.2024', 'price': '$124,888'}, {'dateUpdated': 'Price Today', 'price': '$123,588'}]"
75_728111855,2023,Aston Martin,V8 Vantage,Coupe,Coupe,,White,8-Cylinder Turbo,4,Automatic,8-Speed Automatic,SCFSMGAW5PGN08671,USED,"1,831",101,,149965.0,True,
75_728970809,2021,Aston Martin,V8 Vantage,Coupe,Coupe,Obsidian Black,Magnetic Silver,8-Cylinder Turbo,4,Automatic,8-Speed Automatic,SCFSMGAW0MGN05091,USED,"16,071",93,,104500.0,True,
75_728970810,2020,Aston Martin,V8 Vantage,Coupe,Coupe,Obsidian Black,China Gray,8-Cylinder Turbo,4,Automatic,8-Speed Automatic,SCFSMGAW1LGN03137,USED,"9,461",93,,97852.0,True,"[{'dateUpdated': '11.27.2024', 'price': '$97,997'}, {'dateUpdated': 'Price Today', 'price': '$97,852'}]"
75_728970828,2020,Aston Martin,V8 Vantage,Coupe,Coupe,Obsidian Black,Jet Black,8-Cylinder Turbo,4,Automatic,8-Speed Automatic,SCFSMGAW3LGN03639,USED,"7,968",93,,97991.0,True,"[{'dateUpdated': 'Price Today', 'price': '$97,991'}]"
75_730995324,2021,Aston Martin,V8 Vantage,Roadster,Convertible,Obsidian Black-Electron Yellow,Yellow Tang,8-Cylinder Turbo,4,Automatic,8-Speed Automatic,SCFSMGBW9MGP05787,USED,"10,650",71,,124988.0,True,
75_731043368,2021,Aston Martin,V8 Vantage,Coupe,Coupe,Black,Lunar White,8-Cylinder Turbo,4,Manual,7-Speed Manual,SCFSSGAW0MGN05940,USED,"1,845",12,,155995.0,True,"[{'dateUpdated': '12.09.2024', 'price': '$159,999'}, {'dateUpdated': '12.21.2024', 'price': '$157,795'}, {'dateUpdated': 'Price Today', 'price': '$155,995'}]"
75_731436278,2025,Aston Martin,V8 Vantage,Coupe,Coupe,Onyx Black,Apex Gray,8-Cylinder Turbo,4,Automatic,8-Speed Shiftable Automatic,SCFSMGFWXSGN09008,NEW,0,66,,239800.0,False,
75_732545477,2021,Aston Martin,V8 Vantage,Coupe,Coupe,Black,Lunar White,8-Cylinder Turbo,4,Automatic,8-Speed Automatic,SCFSMGAW4MGN05711,USED,"10,018",54,,114888.0,True,
75_733375693,2022,Aston Martin,V8 Vantage,Roadster,Convertible,Onyx Black,China Gray,8-Cylinder Turbo,4,Automatic,8-Speed Automatic,SCFSMGBWXNGP06397,USED,"2,167",46,,134990.0,True,
75_733550631,2023,Aston Martin,V8 Vantage,Coupe,Coupe,Arden Green Metallic/Glacier W,Arden Green,8-Cylinder Turbo,4,Automatic,8-Speed Automatic,SCFSMGAW6PGN07089,USED,"2,312",43,,153421.0,True,
75_734376286,2023,Aston Martin,V8 Vantage,Coupe,Coupe,Metallic Black,China Gray,8-Cylinder Turbo,4,Automatic,8-Speed Automatic,SCFSMGAWXPGN07516,USED,"4,334",35,,157788.0,True,"[{'dateUpdated': '12.17.2024', 'price': '$159,499'}, {'dateUpdated': '12.22.2024', 'price': '$158,499'}, {'dateUpdated': '12.29.2024', 'price': '$154,999'}, {'dateUpdated': 'Price Today', 'price': '$157,788'}]"
75_734542805,2022,Aston Martin,V8 Vantage,Coupe,Coupe,Black,Orange,8-Cylinder Turbo,4,Automatic,8-Speed Automatic,SCFSMGAW2NGN06406,USED,"10,841",27,,119999.0,True,
75_734637052,2020,Aston Martin,V8 Vantage,Coupe,Coupe,,Black,8-Cylinder Turbo,4,Automatic,8-Speed Automatic,SCFSMGAW9LGN04438,USED,"8,737",32,,95998.0,True,"[{'dateUpdated': '12.20.2024', 'price': '$102,998'}, {'dateUpdated': '01.03.2025', 'price': '$102,698'}, {'dateUpdated': '01.09.2025', 'price': '$96,698'}, {'dateUpdated': 'Price Today', 'price': '$95,998'}]"
75_735076441,2021,Aston Martin,V8 Vantage,Coupe,Coupe,Black W/ Yellow Stitching,Q Flugplatz Blue,8-Cylinder Turbo,4,Automatic,8-Speed Automatic,SCFSMGAW7MGN05654,USED,"16,387",27,,118700.0,True,"[{'dateUpdated': '12.16.2024', 'price': '$119,999'}, {'dateUpdated': '12.19.2024', 'price': '$119,999'}, {'dateUpdated': '12.24.2024', 'price': '$119,495'}, {'dateUpdated': 'Price Today', 'price': '$118,700'}]"
75_735738830,2025,Aston Martin,V8 Vantage,Coupe,Coupe,All Dark Knight,Ultramarine Black,8-Cylinder Turbo,4,Automatic,8-Speed Shiftable Automatic,SCFSMGFW9SGN10201,NEW,35,20,,235400.0,False,
75_735766164,2023,Aston Martin,V8 Vantage,Coupe,Coupe,Onyx Black,Ultramarine Black,8-Cylinder Turbo,4,Automatic,8-Speed Automatic,SCFSMGAW4PGN07088,USED,"9,969",20,,139990.0,True,
75_736357715,2025,Aston Martin,V8 Vantage,Coupe,Coupe,All Oxford Tan,Titanium Gray,8-Cylinder Turbo,4,Automatic,8-Speed Automatic,SCFSMGFW8SGN10190,NEW,40,12,,233100.0,False,
75_736577567,2025,Aston Martin,V8 Vantage,Coupe,Coupe,All Spicy Red,Aluminite Silver,8-Cylinder Turbo,4,Automatic,8-Speed Automatic,SCFSMGFW9SGN09856,NEW,29,9,,,False,
75_736577568,2025,Aston Martin,V8 Vantage,Coupe,Coupe,All Onyx Black,Q Cosmopolitan Yellow,8-Cylinder Turbo,4,Automatic,8-Speed Automatic,SCFSMGFW8SGN09783,NEW,29,9,,,False,
100_699657152,2016,Aston Martin,V8 Vantage,S,Coupe,Spectral Blue,Morning Frost White,8-Cylinder,4.7,Automatic,7-Speed Automatic,SCFEKBDL5GGC20675,USED,"24,697",421,,74995.0,True,
100_715560005,2023,Aston Martin,V8 Vantage,Coupe,Coupe,Onyx Black/Oxford Tan,Titanium Grey,8-Cylinder Turbo,4,Automatic,8-Speed Automatic,SCFSMGAW0PGN08576,USED,533,238,,162995.0,True,"[{'dateUpdated': '11.18.2024', 'price': '$161,995'}, {'dateUpdated': '12.02.2024', 'price': '$162,995'}, {'dateUpdated': 'Price Today', 'price': '$162,995'}]"
100_717579883,2012,Aston Martin,V8 Vantage,Roadster,Convertible,Brown,Morning Frost White,8-Cylinder,4.7,Automatic,6-Speed Automatic,SCFEKBBK2CGD16901,USED,"17,025",187,,49995.0,True,"[{'dateUpdated': 'Price Today', 'price': '$49,995'}]"
100_719069020,2015,Aston Martin,V8 Vantage,GT,Convertible,Black,Morning Frost White,8-Cylinder,4.7,Manual,6-Speed Manual,SCFEBBBL2FGD19715,USED,"15,729",199,,53750.0,True,"[{'dateUpdated': '11.16.2024', 'price': '$57,000'}, {'dateUpdated': '12.20.2024', 'price': '$55,000'}, {'dateUpdated': 'Price Today', 'price': '$53,750'}]"
100_719362382,2008,Aston Martin,V8 Vantage,Roadster,Convertible,Black,[--] Onyx Black,8-Cylinder,4.3,Manual,6-Speed Manual,SCFBB04B38GD09077,USED,"23,306",23,,51999.0,True,
100_725242167,2019,Aston Martin,V8 Vantage,Coupe,Coupe,Black,Gray,8-Cylinder Turbo,4,Automatic,8-Speed Automatic,SCFSMGAW3KGN02683,USED,"50,000",132,Private Seller Exchange,76500.0,True,"[{'dateUpdated': '12.31.2024', 'price': '$77,000'}, {'dateUpdated': 'Price Today', 'price': '$76,500'}]"
100_725945909,2009,Aston Martin,V8 Vantage,Roadster,Convertible,Cream Truffle,Jet Black,8-Cylinder,4.7,Automatic,6-Speed Automatic,SCFBF04C59GD11928,USED,"32,635",124,,35995.0,True,"[{'dateUpdated': 'Price Today', 'price': '$35,995'}]"
100_726947834,2023,Aston Martin,V8 Vantage,Coupe,Coupe,Black,Gray,8-Cylinder Turbo,4,Automatic,8-Speed Automatic,SCFSMGAW8PGN07384,USED,"6,810",114,Private Seller Exchange,134500.0,True,"[{'dateUpdated': '12.04.2024', 'price': '$144,500'}, {'dateUpdated': '12.04.2024', 'price': '$139,500'}, {'dateUpdated': 'Price Today', 'price': '$134,500'}]"
100_727352697,2020,Aston Martin,V8 Vantage,,Coupe,Black,White Stone,8-Cylinder Turbo,4,Automatic,8-Speed Shiftable Automatic,SCFSMGAW2LGN03860,USED,"21,980",51,,93900.0,True,
100_728597211,2008,Aston Martin,V8 Vantage,Roadster,Convertible,Beige,Blue,8-Cylinder,4.3,Automatic,6-Speed Automatic,SCFBF04B28GD10371,USED,"20,239",96,,47990.0,True,"[{'dateUpdated': '12.27.2024', 'price': '$49,990'}, {'dateUpdated': 'Price Today', 'price': '$47,990'}]"
100_730120926,2012,Aston Martin,V8 Vantage,Roadster,Convertible,Tan,White,8-Cylinder,4.7,Automatic,6-Speed Automatic,SCFEKBBK0CGD16914,USED,"10,304",80,,59977.0,True,"[{'dateUpdated': 'Price Today', 'price': '$59,977'}]"
100_730210803,2019,Aston Martin,V8 Vantage,Coupe,Coupe,Black,Gray,8-Cylinder Turbo,4,Automatic,8-Speed Automatic,SCFSMGAW4KGN01333,USED,"22,444",79,,83689.0,True,"[{'dateUpdated': '12.07.2024', 'price': '$86,589'}, {'dateUpdated': '12.20.2024', 'price': '$84,989'}, {'dateUpdated': '01.05.2025', 'price': '$84,788'}, {'dateUpdated': 'Price Today', 'price': '$83,689'}]"
100_730966031,1986,Aston Martin,V8 Vantage,Volante,Convertible,Black Leather,Cannock Black,8-Cylinder,5.3,Manual,Manual,SCFCV81C8GTL15449,USED,"48,591",71,,249950.0,True,
100_731294869,2021,Aston Martin,V8 Vantage,Roadster,Convertible,Dark Knight,Sabiro Blue,8-Cylinder Turbo,4,Automatic,8-Speed Automatic,SCFSMGBW8MGP05294,USED,"15,084",67,,117777.0,True,
100_732554632,2016,Aston Martin,V8 Vantage,S,Coupe,Black,Red,8-Cylinder,4.7,Automatic,7-Speed Automatic,SCFEKBDL3GGC20657,USED,"7,945",23,,77990.0,True,
100_732627024,2021,Aston Martin,V8 Vantage,Roadster,Convertible,Tan,White,8-Cylinder Turbo,4,Automatic,8-Speed Automatic,SCFSMGBW7MGP05268,USED,"16,231",53,Private Seller Exchange,115000.0,True,
100_732782542,2025,Aston Martin,V8 Vantage,Coupe,Coupe,Ice Mocha,Concours Blue,8-Cylinder Turbo,4,Automatic,8-Speed Automatic,SCFSMGFW5SGN09823,NEW,56,52,,,False,
100_734085721,2019,Aston Martin,V8 Vantage,Coupe,Coupe,Bitter Chocolate,Cinnabar Orange,8-Cylinder Turbo,4,Automatic,8-Speed Automatic,SCFSMGAW6KGN01351,USED,"26,116",38,,86800.0,True,"[{'dateUpdated': '12.10.2024', 'price': '$87,800'}, {'dateUpdated': '12.17.2024', 'price': '$87,499'}, {'dateUpdated': 'Price Today', 'price': '$86,800'}]"
100_734163880,2020,Aston Martin,V8 Vantage,Coupe,Coupe,Obsidian Black,Lunar White,8-Cylinder Turbo,4,Automatic,8-Speed Automatic,SCFSMGAW3LGN04967,USED,"17,646",37,,90989.0,True,
100_734468805,2019,Aston Martin,V8 Vantage,Coupe,Coupe,,Silver,8-Cylinder Turbo,4,Automatic,8-Speed Automatic,SCFSMGAWXKGN00977,USED,"22,697",33,,87993.0,True,
100_735225567,2020,Aston Martin,V8 Vantage,Coupe,Coupe,,Blue,8-Cylinder Turbo,4,Automatic,8-Speed Automatic,SCFSMGAWXLGN05033,USED,"12,244",26,,85999.0,True,
100_736254412,2008,Aston Martin,V8 Vantage,Roadster,Convertible,Black,Black,8-Cylinder,4.3,Automatic,6-Speed Automatic,SCFBF04B28GD08460,USED,"18,820",13,,44995.0,True,
100_736878800,2021,Aston Martin,V8 Vantage,Roadster,Convertible,,,8-Cylinder Turbo,4,Automatic,8-Speed Automatic,SCFSMGBW1MGP05282,USED,"25,824",5,,104900.0,True,
100_736896910,2006,Aston Martin,V8 Vantage,Coupe,Coupe,,,8-Cylinder,4.3,Manual,6-Speed Manual,SCFBB03B46GC01534,USED,"4,928",5,,69900.0,True,
125_719919780,2020,Aston Martin,V8 Vantage,Coupe,Coupe,,,8-Cylinder Turbo,4,Automatic,8-Speed Automatic,SCFSMGAW4LGN03682,USED,"24,553",187,,89998.0,True,
125_727152948,2023,Aston Martin,V8 Vantage,Coupe,Coupe,Black,White,8-Cylinder Turbo,4,Automatic,8-Speed Automatic,SCFSMGAW0PGN08559,USED,825,111,,144900.0,True,
125_727252794,2025,Aston Martin,V8 Vantage,Coupe,Coupe,Q Glacier White,Q Seychelles Blue,8-Cylinder Turbo,4,Automatic,8-Speed Shiftable Automatic,SCFSMGFW2SGN09150,NEW,40,110,,279900.0,False,
125_727346254,2025,Aston Martin,V8 Vantage,Coupe,Coupe,Q Glacier White,Q Seychelles Blue,8-Cylinder Turbo,4,Automatic,8-Speed Shiftable Automatic,SCFSMGFW9SGN09131,NEW,0,109,,271000.0,False,
125_728270453,2025,Aston Martin,V8 Vantage,Coupe,Coupe,Onyx Black,Lunar White,8-Cylinder Turbo,4,Automatic,8-Speed Shiftable Automatic,SCFSMGFW6SGN09510,NEW,0,100,,242100.0,False,
125_728289073,2025,Aston Martin,V8 Vantage,Coupe,Coupe,Spicy Red,Aluminite Silver,8-Cylinder Turbo,4,Automatic,8-Speed Shiftable Automatic,SCFSMGFW8SGN09525,NEW,40,100,,238000.0,False,
125_728399900,2020,Aston Martin,V8 Vantage,Coupe,Coupe,Obsidian Black,Sabiro Blue,8-Cylinder Turbo,4,Automatic,8-Speed Automatic,SCFSMGAWXLGN04884,USED,"14,639",99,,93900.0,True,"[{'dateUpdated': '12.26.2024', 'price': '$99,900'}, {'dateUpdated': 'Price Today', 'price': '$93,900'}]"
125_728786523,2025,Aston Martin,V8 Vantage,Coupe,Coupe,,Xenon Gray,8-Cylinder Turbo,4,Automatic,8-Speed Shiftable Automatic,SCFSMGFW2SGN09438,NEW,0,95,,250300.0,False,
125_729035722,2020,Aston Martin,V8 Vantage,Coupe,Coupe,Indigo Blue,Lightning Silver,8-Cylinder Turbo,4,Automatic,8-Speed Automatic,SCFSMGAW8LGN03510,USED,"6,816",59,,92900.0,True,"[{'dateUpdated': '12.02.2024', 'price': '$96,777'}, {'dateUpdated': '12.11.2024', 'price': '$96,456'}, {'dateUpdated': '12.16.2024', 'price': '$93,800'}, {'dateUpdated': 'Price Today', 'price': '$92,900'}]"
125_729365174,2023,Aston Martin,V8 Vantage,Coupe,Coupe,Q Californian Poppy,Onyx Black,8-Cylinder Turbo,4,Automatic,8-Speed Automatic,SCFSMGAW8PGN07899,USED,"5,832",88,,149998.0,True,"[{'dateUpdated': '11.19.2024', 'price': '$159,998'}, {'dateUpdated': 'Price Today', 'price': '$149,998'}]"
125_729481773,2025,Aston Martin,V8 Vantage,Coupe,Coupe,Onyx Black,Plasma Blue,8-Cylinder Turbo,4,Automatic,8-Speed Shiftable Automatic,SCFSMGFW1SGN09530,NEW,50,87,,228500.0,False,
125_730272511,2021,Aston Martin,V8 Vantage,,Convertible,Black Metallic,Cinnabar Orange,8-Cylinder Turbo,4,Automatic,8-Speed Automatic,SCFSMGBW7MGP05688,USED,"12,338",79,,119900.0,True,"[{'dateUpdated': '11.29.2024', 'price': '$122,900'}, {'dateUpdated': '12.26.2024', 'price': '$122,900'}, {'dateUpdated': 'Price Today', 'price': '$119,900'}]"
125_730726487,2020,Aston Martin,V8 Vantage,Coupe,Coupe,Gray,Gray,8-Cylinder Turbo,4,Automatic,8-Speed Automatic,SCFSMGAW7LGN03403,USED,"23,384",73,,92450.0,True,"[{'dateUpdated': '12.11.2024', 'price': '$92,407'}, {'dateUpdated': '12.20.2024', 'price': '$92,957'}, {'dateUpdated': '12.22.2024', 'price': '$92,000'}, {'dateUpdated': 'Price Today', 'price': '$92,450'}]"
125_731169198,2020,Aston Martin,V8 Vantage,Coupe,Coupe,Obsidian Black,Silver,8-Cylinder Turbo,4,Automatic,8-Speed Automatic,SCFSMGAW3LGN03530,USED,"13,688",69,,99000.0,True,"[{'dateUpdated': 'Price Today', 'price': '$99,000'}]"
125_731237771,2021,Aston Martin,V8 Vantage,Coupe,Coupe,,White,8-Cylinder Turbo,4,Automatic,8-Speed Automatic,SCFSMGAW1MGN06119,USED,"12,203",68,,117777.0,True,
125_731939056,2025,Aston Martin,V8 Vantage,Coupe,Coupe,Light Argento Metallic,Lunar White,8-Cylinder Turbo,4,Automatic,8-Speed Automatic,SCFSMGFW0SGN09812,NEW,150,60,,238600.0,False,
125_731939057,2025,Aston Martin,V8 Vantage,Coupe,Coupe,Onyx Black,Lime Essence,8-Cylinder Turbo,4,Automatic,8-Speed Shiftable Automatic,SCFSMGFW8SGN09847,NEW,125,60,,250200.0,False,
125_732866798,2021,Aston Martin,V8 Vantage,Roadster,Convertible,Lords Red,Onyx Black,8-Cylinder Turbo,4,Automatic,8-Speed Automatic,SCFSMGBW7MGP05996,USED,"17,579",51,,113900.0,True,"[{'dateUpdated': '11.22.2024', 'price': '$119,900'}, {'dateUpdated': '12.26.2024', 'price': '$119,900'}, {'dateUpdated': 'Price Today', 'price': '$113,900'}]"
125_733302512,2020,Aston Martin,V8 Vantage,Coupe,Coupe,,Silver,8-Cylinder Turbo,4,Automatic,8-Speed Automatic,SCFSMGAW4LGN03892,USED,"16,753",46,,94888.0,True,
125_733557187,2021,Aston Martin,V8 Vantage,Roadster,Convertible,Chancellor Red,Magnetic Silver,8-Cylinder Turbo,4,Automatic,8-Speed Automatic,SCFSMGBW1MGP05833,USED,"5,307",43,,118887.0,True,
125_734002623,2025,Aston Martin,V8 Vantage,Coupe,Coupe,Onyx Black,Volcano Red,8-Cylinder Turbo,4,Automatic,8-Speed Automatic,SCFSMGFW0SGN10152,NEW,50,38,,233400.0,False,
125_734054726,2021,Aston Martin,V8 Vantage,Roadster,Convertible,Wolf Grey,Midnight Blue,8-Cylinder Turbo,4,Automatic,8-Speed Automatic,SCFSMGBW2MGP05999,USED,"8,410",38,,124900.0,True,"[{'dateUpdated': '12.05.2024', 'price': '$125,900'}, {'dateUpdated': '12.26.2024', 'price': '$125,900'}, {'dateUpdated': 'Price Today', 'price': '$124,900'}]"
125_734210382,2025,Aston Martin,V8 Vantage,Coupe,Coupe,Obsidian Black,Q Cosmopolitan Yellow,8-Cylinder Turbo,4,Automatic,8-Speed Automatic,SCFSMGFW8SGN09010,NEW,0,37,,269900.0,False,
125_735969538,2023,Aston Martin,V8 Vantage,Roadster,Convertible,,Silver,8-Cylinder Turbo,4,Automatic,8-Speed Automatic,SCFSMGBW4PGP07192,USED,"22,579",16,,157375.0,True,
125_736895784,2021,Aston Martin,V8 Vantage,Roadster,Convertible,Coral Sand,Frosted Glass Blue,8-Cylinder Turbo,4,Automatic,8-Speed Automatic,SCFSMGBWXMGP05250,USED,"13,636",5,,109900.0,True,
150_713569462,2007,Aston Martin,V8 Vantage,Roadster,Convertible,Obsidian Black,Merlot Red,8-Cylinder,4.3,Automatic,6-Speed Automatic,SCFBF04B97GD06414,USED,"40,096",260,,34900.0,True,
150_728756509,2025,Aston Martin,V8 Vantage,Coupe,Coupe,Phantom Gray,Xenon Grey,8-Cylinder Turbo,4,Automatic,8-Speed Shiftable Automatic,SCFSMGFWXSGN09199,NEW,25,95,,,False,
150_730730853,2025,Aston Martin,V8 Vantage,Coupe,Coupe,Onyx Black/Glacier White,Q Seychelles Blue,8-Cylinder Turbo,4,Automatic,8-Speed Shiftable Automatic,SCFSMGFWXSGN09218,NEW,25,73,,275995.0,False,
150_732382750,2025,Aston Martin,V8 Vantage,Coupe,Coupe,Onyx Black,Apex Grey,8-Cylinder Turbo,4,Automatic,8-Speed Automatic,SCFSMGFW8SGN09802,NEW,48,56,,,False,
150_732829614,2020,Aston Martin,V8 Vantage,Coupe,Coupe,Pure Black,Jet Black,8-Cylinder Turbo,4,Automatic,8-Speed Automatic,SCFSMGAW7LGN03482,USED,"12,923",51,,99899.0,True,
150_733030097,2025,Aston Martin,V8 Vantage,Coupe,Coupe,Onyx Black,Jet Black,8-Cylinder Turbo,4,Automatic,8-Speed Automatic,SCFSMGFW3SGN09934,NEW,2,50,,,False,
150_733030098,2025,Aston Martin,V8 Vantage,Coupe,Coupe,Glacier White,Magnetic Silver,8-Cylinder Turbo,4,Automatic,8-Speed Automatic,SCFSMGFW5SGN09935,NEW,2,50,,,False,
150_733199113,2021,Aston Martin,V8 Vantage,Coupe,Coupe,Tan,White,8-Cylinder Turbo,4,Automatic,8-Speed Automatic,SCFSMGAW3MGN05697,USED,"20,524",47,,,True,
150_733363869,2025,Aston Martin,V8 Vantage,Coupe,Coupe,Phantom Grey,Q Ion Blue,8-Cylinder Turbo,4,Automatic,8-Speed Automatic,SCFSMGFW8SGN09864,NEW,0,46,,,False,
150_734297655,2025,Aston Martin,V8 Vantage,Coupe,Coupe,Phantom Grey,Podium Green,8-Cylinder Turbo,4,Automatic,8-Speed Automatic,SCFSMGFW1SGN09107,NEW,20,36,,,False,
150_734895612,2025,Aston Martin,V8 Vantage,Coupe,Coupe,Onyx Black,Jet Black,8-Cylinder Turbo,4,Automatic,8-Speed Automatic,SCFSMGFWXSGN10028,NEW,48,30,,,False,
150_735114490,2020,Aston Martin,V8 Vantage,Coupe,Coupe,,Grey,8-Cylinder Turbo,4,Automatic,8-Speed Automatic,SCFSMGAW5LGN04338,USED,"15,250",26,,100485.0,True,
150_735298411,2025,Aston Martin,V8 Vantage,Coupe,Coupe,Onyx Black,Ultramarine Black,8-Cylinder Turbo,4,Automatic,8-Speed Automatic,SCFSMGFW9SGN10215,NEW,42,25,,,False,
150_735666687,2025,Aston Martin,V8 Vantage,Coupe,Coupe,,,8-Cylinder Turbo,4,Automatic,8-Speed Automatic,SCFSMGFW7SGN09807,NEW,10,22,,219500.0,False,
150_735666688,2025,Aston Martin,V8 Vantage,Coupe,Coupe,,,8-Cylinder Turbo,4,Automatic,8-Speed Automatic,SCFSMGFWXSGN09817,NEW,10,22,,225500.0,False,
150_735677921,2015,Aston Martin,V8 Vantage,GT,Coupe,,,8-Cylinder,4.7,Automatic,7-Speed Automatic,SCFEKBAL4FGC18984,USED,"18,608",22,,59874.0,True,
150_735869747,2025,Aston Martin,V8 Vantage,Coupe,Coupe,,,8-Cylinder Turbo,4,Automatic,8-Speed Automatic,SCFSMGFW0SGN09776,NEW,10,19,,237600.0,False,
150_735989023,2019,Aston Martin,V8 Vantage,Coupe,Coupe,,Blue,8-Cylinder Turbo,4,Automatic,8-Speed Automatic,SCFSMGAW3KGN02196,USED,"34,443",16,,84992.0,True,
150_736049990,2008,Aston Martin,V8 Vantage,Coupe,Coupe,Obsidian Black,Tungsten Silver,8-Cylinder,4.3,Automatic,6-Speed Automatic,SCFBF03B38GC09910,USED,"29,176",16,,44900.0,True,
150_736332127,2022,Aston Martin,V8 Vantage,Coupe,Coupe,,Green,8-Cylinder Turbo,4,Automatic,8-Speed Automatic,SCFSMGAW7NGN06711,USED,"20,320",12,,129782.0,True,
150_736498343,2025,Aston Martin,V8 Vantage,Coupe,Coupe,,Black,8-Cylinder Turbo,4,Automatic,8-Speed Automatic,SCFSMGFW5SGN09482,USED,47,10,,,True,
150_736659486,2020,Aston Martin,V8 Vantage,Coupe,Coupe,Phantom Gray,Intense Blue,8-Cylinder Turbo,4,Automatic,8-Speed Automatic,SCFSMGAW6LGN03330,USED,"15,593",8,,99990.0,True,
150_736737208,2015,Aston Martin,V8 Vantage,Roadster,Convertible,Chestnut Tan,Stratus White,8-Cylinder,4.7,Automatic,7-Speed Automatic,SCFEKBBK2FGD18846,USED,"5,871",7,,89998.0,True,
150_736897624,2021,Aston Martin,V8 Vantage,Coupe,Coupe,Black Damson,Blue,8-Cylinder Turbo,4,Automatic,8-Speed Automatic,SCFSMGAW0MGN05589,USED,"20,449",5,,104995.0,True,
150_737119568,2021,Aston Martin,V8 Vantage,Roadster,Convertible,Obsidian Black,Silver,8-Cylinder Turbo,4,Automatic,8-Speed Automatic,SCFSMGBW3MGP05218,USED,"7,470",2,,134900.0,True,
150_737207761,2021,Aston Martin,V8 Vantage,Roadster,Convertible,Black,China Grey,8-Cylinder Turbo,4,Automatic,8-Speed Automatic,SCFSMGBW7MGP05772,USED,"8,844",2,,112000.0,True,
175_705287599,2020,Aston Martin,V8 Vantage,Coupe,Coupe,Pure Black,Hyper Red,8-Cylinder Turbo,4,Automatic,8-Speed Automatic,SCFSMGAW5LGN03335,USED,"16,332",352,,104950.0,True,"[{'dateUpdated': 'Price Today', 'price': '$104,950'}]"
175_705691486,2007,Aston Martin,V8 Vantage,Coupe,Coupe,Black,Red,8-Cylinder,4.3,Manual,6-Speed Manual,SCFBB03B47GC03687,USED,"45,069",199,,37900.0,True,"[{'dateUpdated': '12.06.2024', 'price': '$38,880'}, {'dateUpdated': 'Price Today', 'price': '$37,900'}]"
175_709810071,2022,Aston Martin,V8 Vantage,Coupe,Coupe,Gray,Satin Aston Martin Racing,8-Cylinder Turbo,4,Automatic,8-Speed Automatic,SCFSMGAWXNGN50217,USED,"9,736",302,,158500.0,True,"[{'dateUpdated': '11.19.2024', 'price': '$159,500'}, {'dateUpdated': 'Price Today', 'price': '$158,500'}]"
175_712392531,2011,Aston Martin,V8 Vantage,S,Convertible,Aurora Blue,Cobalt Blue,8-Cylinder,4.7,Automatic,7-Speed Automatic,SCFEKBEL3BGD15372,USED,"25,500",272,,78777.0,True,"[{'dateUpdated': '12.16.2024', 'price': '$79,477'}, {'dateUpdated': '12.24.2024', 'price': '$78,999'}, {'dateUpdated': '01.01.2025', 'price': '$78,997'}, {'dateUpdated': 'Price Today', 'price': '$78,777'}]"
175_724723682,2025,Aston Martin,V8 Vantage,Coupe,Coupe,Phantom Grey,Apex Grey,8-Cylinder Turbo,4,Automatic,8-Speed Automatic,SCFSMGFW2SGN08998,NEW,21,137,,,False,
175_725597272,2021,Aston Martin,V8 Vantage,Roadster,Convertible,All Chancellor,Q Pentland Green,8-Cylinder Turbo,4,Automatic,8-Speed Automatic,SCFSMGBW9MGP05580,USED,"1,482",128,,149995.0,True,"[{'dateUpdated': 'Price Today', 'price': '$149,995'}]"
175_727304740,2025,Aston Martin,V8 Vantage,Coupe,Coupe,Black,Podium Green,8-Cylinder Turbo,4,Automatic,8-Speed Automatic,SCFSMGFW3SGN09111,NEW,31,109,,283855.0,False,
175_727304750,2025,Aston Martin,V8 Vantage,Coupe,Coupe,Black,Q Supernova Red,8-Cylinder Turbo,4,Automatic,8-Speed Automatic,SCFSMGFW3SGN09173,NEW,47,109,,266155.0,False,
175_728337296,2014,Aston Martin,V8 Vantage,Roadster,Convertible,Black,Silver,8-Cylinder,4.7,Automatic,7-Speed Automatic,SCFEKBBK0EGD18777,USED,"28,031",99,,46881.0,True,"[{'dateUpdated': '11.13.2024', 'price': '$48,881'}, {'dateUpdated': '12.24.2024', 'price': '$47,881'}, {'dateUpdated': 'Price Today', 'price': '$46,881'}]"
175_729525948,2019,Aston Martin,V8 Vantage,Coupe,Coupe,Pure Black,Jet Black,8-Cylinder Turbo,4,Automatic,8-Speed Automatic,SCFSMGAW5KGN01728,USED,"8,572",86,,99770.0,True,
175_733242234,2011,Aston Martin,V8 Vantage,N420,Convertible,Obsidian Black,Titanium Silver,8-Cylinder,4.7,Automatic,6-Speed Automatic,SCFEFBBK1BGD14768,USED,"15,989",47,,58950.0,True,
175_733363864,2025,Aston Martin,V8 Vantage,Coupe,Coupe,Phantom Grey,Podium Green,8-Cylinder Turbo,4,Automatic,8-Speed Automatic,SCFSMGFW5SGN09868,NEW,0,46,,,False,
175_733944494,2025,Aston Martin,V8 Vantage,Coupe,Coupe,Black,Malachite Green,8-Cylinder Turbo,4,Automatic,8-Speed Automatic,SCFSMGFW3SGN09822,NEW,21,39,,229900.0,False,
175_734447053,2007,Aston Martin,V8 Vantage,Coupe,Coupe,Saddle Tan,Blue,8-Cylinder,4.3,Manual,6-Speed Manual,SCFBB03B57GC03813,USED,"28,378",33,,55000.0,True,
175_734666812,2021,Aston Martin,V8 Vantage,Roadster,Convertible,Obsidian Black,Onyx Black,8-Cylinder Turbo,4,Automatic,8-Speed Automatic,SCFSMGBW7MGP05710,USED,"8,039",32,,129950.0,True,
175_734677751,2025,Aston Martin,V8 Vantage,Coupe,Coupe,,Green,8-Cylinder Turbo,4,Automatic,8-Speed Automatic,SCFSMGFW8SGN09394,USED,843,31,,239995.0,True,
175_735038906,2020,Aston Martin,V8 Vantage,Coupe,Coupe,Obsidian Blk,Lunar White,8-Cylinder Turbo,4,Automatic,8-Speed Automatic,SCFSMGAW0LGN04134,USED,"11,439",28,,98999.0,True,
175_735225071,2020,Aston Martin,V8 Vantage,Coupe,Coupe,All Pure Black,Viridian Green,8-Cylinder Turbo,4,Automatic,8-Speed Automatic,SCFSMGAW4LGN03911,USED,"7,749",26,,129900.0,True,
175_735225413,2019,Aston Martin,V8 Vantage,Coupe,Coupe,Krestel Tan,Arden Green,8-Cylinder Turbo,4,Automatic,8-Speed Automatic,SCFSMGAW1KGN01354,USED,"15,010",26,,89950.0,True,
175_735670880,2021,Aston Martin,V8 Vantage,Coupe,Coupe,Black,Gray,8-Cylinder Turbo,4,Automatic,8-Speed Automatic,SCFSMGAW1MGN05990,USED,"17,769",22,,107785.0,True,
175_735884429,2008,Aston Martin,V8 Vantage,Roadster,Convertible,Obsidian Black,Tungsten Silver,8-Cylinder,4.3,Automatic,6-Speed Automatic,SCFBF04B68GD07957,USED,"32,727",19,,39869.0,True,"[{'dateUpdated': '12.24.2024', 'price': '$44,869'}, {'dateUpdated': '01.03.2025', 'price': '$41,869'}, {'dateUpdated': 'Price Today', 'price': '$39,869'}]"
175_735972711,2025,Aston Martin,V8 Vantage,Coupe,Coupe,Black,Jet Black,8-Cylinder Turbo,4,Automatic,8-Speed Automatic,SCFSMGFW4SGN10185,NEW,28,16,,221655.0,False,
175_736075421,2023,Aston Martin,V8 Vantage,Coupe,Coupe,Onyx Black,Royal Indigo,8-Cylinder Turbo,4,Automatic,8-Speed Automatic,SCFSMGAW5PGN08461,USED,"2,133",16,,159950.0,True,
175_736588195,2020,Aston Martin,V8 Vantage,Coupe,Coupe,Black,Black,8-Cylinder Turbo,4,Automatic,8-Speed Automatic,SCFSMGAW3LGN03852,USED,"22,001",9,,89900.0,True,
175_736735894,2025,Aston Martin,V8 Vantage,Coupe,Coupe,Black,Lunar White,8-Cylinder Turbo,4,Automatic,8-Speed Automatic,SCFSMGFW4SGN09408,NEW,29,7,,218755.0,False,
200_656790523,2019,Aston Martin,V8 Vantage,Coupe,Coupe,Obsidian Black,Magnetic Silver,8-Cylinder Turbo,4,Automatic,8-Speed Automatic,SCFSMGAW4KGN01431,USED,"9,949",623,,93898.0,True,"[{'dateUpdated': 'Price Today', 'price': '$93,898'}]"
200_669966350,2008,Aston Martin,V8 Vantage,Roadster,Convertible,Brown,Onyx Black Metallic,8-Cylinder,4.3,Automatic,6-Speed Automatic,SCFBF04BX8GD08478,USED,"14,000",729,,49900.0,True,
200_705088983,2019,Aston Martin,V8 Vantage,Coupe,Coupe,Black Damson,Hammerhead Silver,8-Cylinder Turbo,4,Automatic,8-Speed Automatic,SCFSMGAW0KGN02690,USED,"29,657",354,,77999.0,False,
200_714580932,2020,Aston Martin,V8 Vantage,Coupe,Coupe,Black,China Grey,8-Cylinder Turbo,4,Automatic,8-Speed Automatic,SCFSMGAW5LGN02878,USED,"15,525",249,,102995.0,True,
200_724296974,2008,Aston Martin,V8 Vantage,Roadster,Convertible,,,8-Cylinder,4.3,Manual,6-Speed Manual,SCFBB04BX8GD07987,USED,"34,436",142,,64900.0,True,
200_725463100,2020,Aston Martin,V8 Vantage,Coupe,Coupe,Black,Lime Essence,8-Cylinder Turbo,4,Automatic,8-Speed Automatic,SCFSMGAW2LGN04331,USED,"9,688",129,,87990.0,True,"[{'dateUpdated': '11.15.2024', 'price': '$94,990'}, {'dateUpdated': '11.26.2024', 'price': '$92,990'}, {'dateUpdated': '12.13.2024', 'price': '$92,490'}, {'dateUpdated': 'Price Today', 'price': '$87,990'}]"
200_726371881,2019,Aston Martin,V8 Vantage,Coupe,Coupe,Red/Black,Lunar White,8-Cylinder Turbo,4,Automatic,8-Speed Automatic,SCFSMGAW8KGN02498,USED,"11,681",120,,109995.0,True,"[{'dateUpdated': 'Price Today', 'price': '$109,995'}]"
200_726431056,2021,Aston Martin,V8 Vantage,,Coupe,Chancellor Red/Ivory Leather,White Stone,8-Cylinder Turbo,4,Automatic,Automatic,SCFSMGAW3MGN05828,USED,"10,772",119,,115500.0,True,"[{'dateUpdated': '11.15.2024', 'price': '$129,500'}, {'dateUpdated': '12.11.2024', 'price': '$119,500'}, {'dateUpdated': 'Price Today', 'price': '$115,500'}]"
200_727276046,2008,Aston Martin,V8 Vantage,Coupe,Coupe,Beige,Blue,8-Cylinder,4.3,Automatic,6-Speed Automatic,SCFBF03B28GC08926,USED,"53,358",110,,46900.0,True,"[{'dateUpdated': '12.09.2024', 'price': '$46,900'}, {'dateUpdated': 'Price Today', 'price': '$46,900'}]"
200_728190885,2011,Aston Martin,V8 Vantage,S,Convertible,Obsidian Black,Stratus White,8-Cylinder,4.7,Automatic,7-Speed Automatic,SCFEKBEL0BGD15118,USED,"12,630",101,,58900.0,True,"[{'dateUpdated': '12.05.2024', 'price': '$58,900'}, {'dateUpdated': 'Price Today', 'price': '$58,900'}]"
200_729640749,2021,Aston Martin,V8 Vantage,Roadster,Convertible,Black,Ceramic Blue,8-Cylinder Turbo,4,Automatic,8-Speed Automatic,SCFSMGBW1MGP05279,USED,"7,817",85,,139995.0,True,"[{'dateUpdated': 'Price Today', 'price': '$139,995'}]"
200_730057190,2014,Aston Martin,V8 Vantage,Roadster,Convertible,Tan,Blue,8-Cylinder,4.7,Automatic,7-Speed Automatic,SCFEKBBK3EGD18627,USED,"13,808",80,,56500.0,True,"[{'dateUpdated': '12.03.2024', 'price': '$57,500'}, {'dateUpdated': 'Price Today', 'price': '$56,500'}]"
200_731568406,2019,Aston Martin,V8 Vantage,Coupe,Coupe,Black,Black,8-Cylinder Turbo,4,Automatic,8-Speed Automatic,SCFSMGAW1KGN02472,USED,"24,300",65,,64900.0,False,
200_732399903,2022,Aston Martin,V8 Vantage,Coupe,Coupe,Black,Q Platinum White,8-Cylinder Turbo,4,Automatic,8-Speed Automatic,SCFSMGAW3NGN06916,USED,"19,675",56,,104995.0,True,
200_733890167,2019,Aston Martin,V8 Vantage,Coupe,Coupe,Black,White,8-Cylinder Turbo,4,Automatic,8-Speed Automatic,SCFSMGAWXKGN02051,USED,"27,333",39,,82500.0,True,
200_734936562,2019,Aston Martin,V8 Vantage,Coupe,Coupe,Obsidian Black,Jet Black,8-Cylinder Turbo,4,Automatic,8-Speed Automatic,SCFSMGAW1KGN00592,USED,"11,627",29,,93999.0,True,"[{'dateUpdated': '12.14.2024', 'price': '$93,999'}, {'dateUpdated': '12.22.2024', 'price': '$93,999'}, {'dateUpdated': 'Price Today', 'price': '$93,999'}]"
200_735027767,2020,Aston Martin,V8 Vantage,Coupe,Coupe,Black,Yellow Tang,8-Cylinder Turbo,4,Automatic,8-Speed Automatic,SCFSMGAW3LGN04290,USED,"18,983",28,,90995.0,True,
200_735385936,2021,Aston Martin,V8 Vantage,Roadster,Convertible,Chestnut Tan,Black,8-Cylinder Turbo,4,Automatic,8-Speed Automatic,SCFSMGBW1MGP05346,USED,"10,530",24,,139995.0,True,
200_735577803,2019,Aston Martin,V8 Vantage,Coupe,Coupe,Black,White,8-Cylinder Turbo,4,Automatic,8-Speed Automatic,SCFSMGAWXKGN00378,USED,"35,900",23,,71900.0,True,
200_735950136,2020,Aston Martin,V8 Vantage,Coupe,Coupe,Black,Silver,8-Cylinder Turbo,4,Automatic,8-Speed Automatic,SCFSMGAW1LGN03073,USED,"20,296",17,,89888.0,True,
200_736081004,2021,Aston Martin,V8 Vantage,Roadster,Convertible,Red,White,8-Cylinder Turbo,4,Automatic,8-Speed Automatic,SCFSMGBW9MGP06020,USED,"29,279",15,,97440.0,True,
200_736430693,2009,Aston Martin,V8 Vantage,Roadster,Convertible,Ribbon Blue Full Leather,Glacial Blue Metallic,8-Cylinder,4.7,Automatic,6-Speed Automatic,SCFBF04C29GD11966,USED,"26,395",11,,44990.0,True,
200_736543842,2020,Aston Martin,V8 Vantage,Coupe,Coupe,,,8-Cylinder Turbo,4,Automatic,8-Speed Automatic,SCFSMGAW2LGN04796,USED,"39,200",9,,72995.0,True,
200_736721155,2021,Aston Martin,V8 Vantage,Coupe,Coupe,Chancellor Red,Black,8-Cylinder Turbo,4,Automatic,8-Speed Automatic,SCFSMGAW6MGN05533,USED,"16,629",8,,104900.0,True,
225_697910253,2009,Aston Martin,V8 Vantage,Coupe,Coupe,Obsidian Black,Yellow,8-Cylinder,4.7,Automatic,6-Speed Automatic,SCFBF03C49GC12843,USED,"27,630",439,,37995.0,True,"[{'dateUpdated': '11.21.2024', 'price': '$39,595'}, {'dateUpdated': '12.17.2024', 'price': '$38,995'}, {'dateUpdated': '12.28.2024', 'price': '$38,795'}, {'dateUpdated': 'Price Today', 'price': '$37,995'}]"
225_706751551,2008,Aston Martin,V8 Vantage,Coupe,Coupe,Black,White,8-Cylinder,4.3,Automatic,6-Speed Automatic,SCFBF03BX8GC09113,USED,"36,000",335,,39995.0,True,
225_711184200,2008,Aston Martin,V8 Vantage,Coupe,Coupe,Black,Black,8-Cylinder,4.3,Automatic,6-Speed Automatic,SCFBF03B38GC09860,USED,"31,011",286,,48000.0,True,"[{'dateUpdated': '11.22.2024', 'price': '$49,000'}, {'dateUpdated': 'Price Today', 'price': '$48,000'}]"
225_712595874,2020,Aston Martin,V8 Vantage,Coupe,Coupe,Phantom Grey,Midnight Blue,8-Cylinder Turbo,4,Automatic,8-Speed Automatic,SCFSMGAW9LGN04987,USED,"16,311",113,,93900.0,True,"[{'dateUpdated': '12.18.2024', 'price': '$93,900'}, {'dateUpdated': 'Price Today', 'price': '$93,900'}]"
225_717299286,2009,Aston Martin,V8 Vantage,Roadster,Convertible,Obsidian Black Leather Seat Tr,Onyx Black,8-Cylinder,4.7,Automatic,6-Speed Automatic,SCFBF04C29GD12714,USED,"64,557",219,,26995.0,True,
225_717363184,2008,Aston Martin,V8 Vantage,Roadster,Convertible,,,8-Cylinder,4.3,Automatic,6-Speed Automatic,SCFBF04B38GD08807,USED,"51,786",219,,33999.0,True,"[{'dateUpdated': '11.14.2024', 'price': '$34,999'}, {'dateUpdated': '12.08.2024', 'price': '$38,499'}, {'dateUpdated': 'Price Today', 'price': '$33,999'}]"
225_722343748,2021,Aston Martin,V8 Vantage,Roadster,Convertible,Spicy Red,Magnetic Silver,8-Cylinder Turbo,4,Automatic,8-Speed Automatic,SCFSMGBW8MGP05263,USED,"9,300",145,,130000.0,True,"[{'dateUpdated': 'Price Today', 'price': '$130,000'}]"
225_723624068,2011,Aston Martin,V8 Vantage,N420,Coupe,Black,Gray,8-Cylinder,,Automatic,6-Speed Shiftable Automatic,SCFEFBAK3BGC15483,USED,"50,622",149,,48975.0,True,
225_724520039,2008,Aston Martin,V8 Vantage,Roadster,Convertible,Black,Yellow,8-Cylinder,4.3,Automatic,6-Speed Automatic,SCFBF04B38GD09990,USED,"28,300",138,,44888.0,True,"[{'dateUpdated': '12.29.2024', 'price': '$39,888'}, {'dateUpdated': '12.30.2024', 'price': '$44,888'}, {'dateUpdated': '12.30.2024', 'price': '$39,888'}, {'dateUpdated': 'Price Today', 'price': '$44,888'}]"
225_725008725,2020,Aston Martin,V8 Vantage,Coupe,Coupe,Black,Black,8-Cylinder Turbo,4,Automatic,8-Speed Automatic,SCFSMGAW0LGN03579,USED,"14,839",135,,88000.0,True,"[{'dateUpdated': '11.30.2024', 'price': '$91,000'}, {'dateUpdated': 'Price Today', 'price': '$88,000'}]"
225_725857104,2016,Aston Martin,V8 Vantage,GTS,Coupe,,,8-Cylinder,4.7,Automatic,7-Speed Automatic,SCFEKBDLXGGC20722,USED,"11,493",125,,79500.0,True,
225_726983605,2008,Aston Martin,V8 Vantage,Roadster,Convertible,Black,Blue,8-Cylinder,4.3,Automatic,6-Speed Automatic,SCFBF04B18GD08837,USED,"30,853",113,,38500.0,True,"[{'dateUpdated': 'Price Today', 'price': '$38,500'}]"
225_728115049,2007,Aston Martin,V8 Vantage,Coupe,Coupe,,Black,8-Cylinder,4.3,Manual,6-Speed Manual,SCFBB03B27GC04806,USED,"46,327",101,,38767.0,True,"[{'dateUpdated': 'Price Today', 'price': '$38,767'}]"
225_730589183,2023,Aston Martin,V8 Vantage,,Coupe,,Yellow,8-Cylinder Turbo,4,Automatic,8-Speed Shiftable Automatic,SCFSMGAW7PGN07084,USED,"10,914",75,,145000.0,True,
225_730883048,2008,Aston Martin,V8 Vantage,Roadster,Convertible,Brown,Black,8-Cylinder,4.3,Automatic,6-Speed Automatic,SCFBF04B98GD09900,USED,"31,069",72,,36995.0,True,"[{'dateUpdated': '11.27.2024', 'price': '$38,995'}, {'dateUpdated': '12.04.2024', 'price': '$37,995'}, {'dateUpdated': '12.11.2024', 'price': '$37,495'}, {'dateUpdated': 'Price Today', 'price': '$36,995'}]"
225_731804987,2011,Aston Martin,V8 Vantage,Coupe,Coupe,Black,White,8-Cylinder,4.7,Automatic,6-Speed Automatic,SCFEFBAK7BGC14594,USED,"21,705",62,,62000.0,True,
225_732464839,2009,Aston Martin,V8 Vantage,Roadster,Convertible,Brown,Silver,8-Cylinder,4.7,Automatic,6-Speed Automatic,SCFBF04C19GD12512,USED,"28,112",55,,42995.0,True,"[{'dateUpdated': '12.02.2024', 'price': '$45,495'}, {'dateUpdated': '12.10.2024', 'price': '$44,495'}, {'dateUpdated': '12.18.2024', 'price': '$43,995'}, {'dateUpdated': 'Price Today', 'price': '$42,995'}]"
225_732887298,2008,Aston Martin,V8 Vantage,Roadster,Convertible,Leather,Tungsten Silver,8-Cylinder,4.3,Automatic,6-Speed Automatic,SCFBF04B08GD08621,USED,"34,823",51,,35328.0,True,"[{'dateUpdated': '11.30.2024', 'price': '$36,995'}, {'dateUpdated': '12.17.2024', 'price': '$35,495'}, {'dateUpdated': '12.19.2024', 'price': '$33,495'}, {'dateUpdated': 'Price Today', 'price': '$35,328'}]"
225_733463389,2025,Aston Martin,V8 Vantage,Coupe,Coupe,,,8-Cylinder Turbo,4,Automatic,8-Speed Shiftable Automatic,SCFSMGFW3SGN09979,NEW,30,45,,255600.0,False,
225_733610808,2019,Aston Martin,V8 Vantage,Coupe,Coupe,,,8-Cylinder Turbo,4,Automatic,8-Speed Automatic,SCFSMGAW5KGN00711,USED,"31,928",43,,84995.0,True,
225_733838757,2025,Aston Martin,V8 Vantage,Coupe,Coupe,Onyx Black,Silver,8-Cylinder Turbo,4,Automatic,8-Speed Automatic,SCFSMGFW1SGN09897,NEW,27,40,,220900.0,False,
225_735396344,2025,Aston Martin,V8 Vantage,Coupe,Coupe,Onyx Black,Green,8-Cylinder Turbo,4,Automatic,8-Speed Automatic,SCFSMGFWXSGN09607,NEW,38,24,,213700.0,False,
225_735424782,2023,Aston Martin,V8 Vantage,Coupe,Coupe,Obsidian Black,Satin Jet Black,8-Cylinder Turbo,4,Automatic,8-Speed Automatic,SCFSMGAW8PGN50994,USED,"1,395",24,,159895.0,True,
225_736350612,2020,Aston Martin,V8 Vantage,Coupe,Coupe,Obsidian Black,Lunar White,8-Cylinder Turbo,4,Automatic,8-Speed Automatic,SCFSMGAW9LGN04679,USED,"23,800",12,,94950.0,True,
225_736959753,2021,Aston Martin,V8 Vantage,Coupe,Coupe,,Gray,8-Cylinder Turbo,4,Automatic,8-Speed Automatic,SCFSMGAWXMGN05907,USED,0,4,,,True,
250_728732510,2025,Aston Martin,V8 Vantage,Coupe,Coupe,Onyx Black,Onyx Black,8-Cylinder Turbo,4,Automatic,8-Speed Shiftable Automatic,SCFSMGFW8SGN09511,NEW,23,95,,,False,
250_729618143,2025,Aston Martin,V8 Vantage,Coupe,Coupe,Onyx Black,Satin Onyx Black,8-Cylinder Turbo,4,Automatic,8-Speed Automatic,SCFSMGFW2SGN09410,NEW,33,86,,298000.0,False,
250_729648166,2012,Aston Martin,V8 Vantage,Roadster,Convertible,Tan,Blue,8-Cylinder,4.7,Automatic,6-Speed Automatic,SCFEKBBKXCGD16953,USED,"15,786",85,,47977.0,True,"[{'dateUpdated': '12.26.2024', 'price': '$49,977'}, {'dateUpdated': '12.27.2024', 'price': '$47,977'}, {'dateUpdated': '12.27.2024', 'price': '$49,977'}, {'dateUpdated': 'Price Today', 'price': '$47,977'}]"
250_729750054,2025,Aston Martin,V8 Vantage,Coupe,Coupe,,Apex Gray,8-Cylinder Turbo,4,Automatic,8-Speed Shiftable Automatic,SCFSMGFW0SGN08983,NEW,58,84,,245595.0,False,
250_730730855,2025,Aston Martin,V8 Vantage,Coupe,Coupe,Onyx Black,Podium Green,8-Cylinder Turbo,4,Automatic,8-Speed Shiftable Automatic,SCFSMGFW3SGN09142,NEW,25,73,,287595.0,False,
250_732143142,2025,Aston Martin,V8 Vantage,Coupe,Coupe,All Spicy Red,Neutron White,8-Cylinder Turbo,4,Automatic,8-Speed Shiftable Automatic,SCFSMGFW9SGN09226,NEW,0,59,,,False,
250_732878817,2025,Aston Martin,V8 Vantage,Coupe,Coupe,Oxford Tan,Buckinghamshire Green,8-Cylinder Turbo,4,Automatic,8-Speed Automatic,SCFSMGFW0SGN09566,NEW,23,51,,,False,
250_732878818,2025,Aston Martin,V8 Vantage,Coupe,Coupe,Oxford Tan,Seychelles Blue,8-Cylinder Turbo,4,Automatic,8-Speed Automatic,SCFSMGFW5SGN09594,NEW,23,51,,,False,
250_732878821,2025,Aston Martin,V8 Vantage,Coupe,Coupe,Dark Knight,Ultramarine Black,8-Cylinder Turbo,4,Automatic,8-Speed Automatic,SCFSMGFW7SGN09810,NEW,23,51,,,False,
250_732878843,2025,Aston Martin,V8 Vantage,Coupe,Coupe,Dark Knight,Aluminite Silver,8-Cylinder Turbo,4,Automatic,8-Speed Automatic,SCFSMGFW4SGN09859,NEW,23,51,,,False,
250_733233492,2025,Aston Martin,V8 Vantage,Coupe,Coupe,All Copper Tan,Satin Onyx Black,8-Cylinder Turbo,4,Automatic,8-Speed Automatic,SCFSMGFW4SGN09960,NEW,29,47,,,False,
250_734184364,2025,Aston Martin,V8 Vantage,Coupe,Coupe,Obsidian Black,Lunar White,8-Cylinder Turbo,4,Automatic,8-Speed Shiftable Automatic,SCFSMGFW2SGN09780,NEW,23,37,,,False,
250_734184366,2025,Aston Martin,V8 Vantage,Coupe,Coupe,Obsidian Black,Xenon Grey,8-Cylinder Turbo,4,Automatic,8-Speed Automatic,SCFSMGFW8SGN10187,NEW,23,37,,,False,
250_735285423,2025,Aston Martin,V8 Vantage,Coupe,Coupe,All Onyx Black - Semi Aniline,Satin Aston Martin Racing Green,8-Cylinder Turbo,4,Automatic,8-Speed Automatic,SCFSMGFW1SGN09818,NEW,30,25,,,False,
250_735285426,2025,Aston Martin,V8 Vantage,Coupe,Coupe,All Spicy Red - Semi Aniline,China Grey,8-Cylinder Turbo,4,Automatic,8-Speed Automatic,SCFSMGFW5SGN09949,NEW,30,25,,,False,
250_735296769,2025,Aston Martin,V8 Vantage,Coupe,Coupe,Blue Haze Metal,Elwood Blue,8-Cylinder Turbo,4,Automatic,8-Speed Automatic,SCFSMGFW4SGN09778,NEW,31,25,,,False,
250_735329554,2025,Aston Martin,V8 Vantage,Coupe,Coupe,Californian Poppy,Synapse Orange,8-Cylinder Turbo,4,Automatic,8-Speed Automatic,SCFSMGFW3SGN09898,NEW,37,25,,248600.0,False,
250_735530014,2008,Aston Martin,V8 Vantage,Roadster,Convertible,Chancellor Red,Onyx Black,8-Cylinder,4.3,Manual,6-Speed Manual,SCFBB04BX8GD08749,USED,"34,539",23,,46900.0,True,
250_735972714,2025,Aston Martin,V8 Vantage,Coupe,Coupe,Black,Elwood Blue,8-Cylinder Turbo,4,Automatic,8-Speed Automatic,SCFSMGFW8SGN09881,NEW,8,16,,234755.0,False,
250_736463661,2008,Aston Martin,V8 Vantage,Roadster,Convertible,,Yellow,8-Cylinder,4.3,Automatic,6-Speed Automatic,SCFBF04B68GD09191,USED,"8,348",11,,49500.0,True,
250_736465405,2023,Aston Martin,V8 Vantage,Coupe,Coupe,,Racing Green,8-Cylinder Turbo,4,Automatic,8-Speed Automatic,SCFSMGAW2PGN08787,USED,"2,165",11,,,True,
250_736993654,2023,Aston Martin,V8 Vantage,Coupe,Coupe,Onyx Black,Onyx Black,8-Cylinder Turbo,4,Automatic,8-Speed Automatic,SCFSMGAWXPGN07712,USED,"5,683",4,Dealer,159990.0,True,
250_737215607,2020,Aston Martin,V8 Vantage,Coupe,Coupe,Black,Black,8-Cylinder Turbo,4,Automatic,8-Speed Automatic,SCFSMGAW5LGN03576,USED,"20,962",2,,85888.0,True,
250_737221754,2025,Aston Martin,V8 Vantage,Coupe,Coupe,Onyx Black,Q Supernova Red,8-Cylinder Turbo,4,Automatic,8-Speed Automatic,SCFSMGFW9SGN09789,USED,782,2,Dealer,238990.0,True,
275_723475137,2020,Aston Martin,V8 Vantage,Coupe,Coupe,,Blue,8-Cylinder Turbo,4,Automatic,8-Speed Automatic,SCFSMGAW6LGN03893,USED,"20,520",150,Dealer,92995.0,True,
275_728289393,2025,Aston Martin,V8 Vantage,Coupe,Coupe,,,8-Cylinder Turbo,4,Automatic,8-Speed Automatic,SCFSMGFW3SGN09190,NEW,0,100,,,False,
275_728580387,2020,Aston Martin,V8 Vantage,Coupe,Coupe,,,8-Cylinder Turbo,4,Automatic,8-Speed Automatic,SCFSMGAW3LGN03320,USED,"20,509",96,Dealer,83995.0,True,
275_728644034,2015,Aston Martin,V8 Vantage,GT,Coupe,Black,Black,8-Cylinder,4.7,Manual,6-Speed Manual,SCFEBBAL8FGC19006,USED,"21,887",37,Dealer,72995.0,False,
275_729618144,2025,Aston Martin,V8 Vantage,Coupe,Coupe,Bitter Chocolate,Magnetic Silver,8-Cylinder Turbo,4,Automatic,8-Speed Automatic,SCFSMGFW7SGN09337,NEW,31,86,,223500.0,False,
275_731257503,2025,Aston Martin,V8 Vantage,Coupe,Coupe,Spicy Red,China Grey,8-Cylinder Turbo,4,Automatic,8-Speed Shiftable Automatic,SCFSMGFW3SGN09528,NEW,25,68,,240295.0,False,
275_731659292,2025,Aston Martin,V8 Vantage,Coupe,Coupe,Onyx Black,Xenon Grey,8-Cylinder Turbo,4,Automatic,8-Speed Shiftable Automatic,SCFSMGFW2SGN09469,NEW,25,64,,232095.0,False,
275_731711399,2025,Aston Martin,V8 Vantage,Coupe,Coupe,Onyx Black,China Gray,8-Cylinder Turbo,4,Automatic,8-Speed Automatic,SCFSMGFW1SGN08989,USED,691,64,,,True,
275_732078712,2025,Aston Martin,V8 Vantage,Coupe,Coupe,Onyx Black,Jet Black,8-Cylinder Turbo,4,Automatic,8-Speed Automatic,SCFSMGFWXSGN09669,NEW,39,59,,217600.0,False,
275_732625729,2015,Aston Martin,V8 Vantage,GT,Coupe,Black,White,8-Cylinder,4.7,Manual,6-Speed Manual,SCFEBBALXFGC19976,USED,"19,100",53,,,True,
275_732757622,2021,Aston Martin,V8 Vantage,Roadster,Convertible,,Gray,8-Cylinder Turbo,4,Automatic,8-Speed Automatic,SCFSMGBW4MGP05969,USED,"25,908",52,,109990.0,True,
275_732982889,2019,Aston Martin,V8 Vantage,Coupe,Coupe,,Yellow,8-Cylinder Turbo,4,Automatic,8-Speed Automatic,SCFSMGAW3KGN02134,USED,"12,017",50,,99950.0,True,
275_733818346,2019,Aston Martin,V8 Vantage,Coupe,Coupe,Pure Black,Fiamma Red,8-Cylinder Turbo,4,Automatic,8-Speed Automatic,SCFSMGAW3KGN02098,USED,"10,501",40,,109990.0,True,
275_733888397,2025,Aston Martin,V8 Vantage,Coupe,Coupe,Onyx Black,Jet Black,8-Cylinder Turbo,4,Automatic,8-Speed Automatic,SCFSMGFW5SGN09529,NEW,25,39,,229095.0,False,
275_733982667,2020,Aston Martin,V8 Vantage,Coupe,Coupe,Black,Blue,8-Cylinder Turbo,4,Automatic,8-Speed Automatic,SCFSMGAW4LGN03908,USED,"10,518",39,Dealer,99995.0,True,"[{'dateUpdated': '12.04.2024', 'price': '$106,991'}, {'dateUpdated': '12.16.2024', 'price': '$104,852'}, {'dateUpdated': '12.27.2024', 'price': '$99,997'}, {'dateUpdated': 'Price Today', 'price': '$99,995'}]"
275_734043079,2025,Aston Martin,V8 Vantage,Coupe,Coupe,,,8-Cylinder Turbo,4,Automatic,8-Speed Automatic,SCFSMGFW9SGN10165,NEW,29,38,,239000.0,False,
275_734969581,2006,Aston Martin,V8 Vantage,Coupe,Coupe,Tan,Goodwood Green,8-Cylinder,4.3,Manual,6-Speed Manual,SCFBB03B86GC01231,USED,"39,505",29,,57995.0,True,
275_735014600,2025,Aston Martin,V8 Vantage,Coupe,Coupe,,,8-Cylinder Turbo,4,Automatic,8-Speed Automatic,SCFSMGFW5SGN10048,NEW,30,28,,231100.0,False,
275_735329553,2025,Aston Martin,V8 Vantage,Coupe,Coupe,Onyx Black,Magnetic Silver,8-Cylinder Turbo,4,Automatic,8-Speed Automatic,SCFSMGFW2SGN09939,NEW,40,25,,212600.0,False,
275_735357005,2020,Aston Martin,V8 Vantage,Coupe,Coupe,Black,Yellow,8-Cylinder Turbo,4,Automatic,8-Speed Automatic,SCFSMGAW0LGN04294,USED,"18,282",24,Dealer,97000.0,True,"[{'dateUpdated': '12.27.2024', 'price': '$89,900'}, {'dateUpdated': '01.04.2025', 'price': '$89,800'}, {'dateUpdated': '01.09.2025', 'price': '$89,000'}, {'dateUpdated': 'Price Today', 'price': '$97,000'}]"
275_735916945,2013,Aston Martin,V8 Vantage,Roadster,Convertible,Black,Gray,8-Cylinder,4.7,Automatic,6-Speed Automatic,SCFEKBBK5DGD17610,USED,"53,153",18,,44999.0,True,
275_736095917,2025,Aston Martin,V8 Vantage,Coupe,Coupe,Onyx Black/Ivory,Jet Black,8-Cylinder Turbo,4,Automatic,8-Speed Automatic,SCFSMGFW7SGN09516,NEW,0,15,,,False,
275_736710929,2009,Aston Martin,V8 Vantage,Roadster,Convertible,Tan,White,8-Cylinder,4.7,Automatic,6-Speed Automatic,SCFBF04C99GD11821,USED,"33,711",8,,34999.0,True,
275_736720413,2019,Aston Martin,V8 Vantage,Coupe,Coupe,Pure Black,Stratus White,8-Cylinder Turbo,4,Automatic,8-Speed Automatic,SCFSMGAW7KGN00967,USED,"41,817",8,,75054.0,True,
275_736735893,2025,Aston Martin,V8 Vantage,Coupe,Coupe,Black,Synapse Orange,8-Cylinder Turbo,4,Automatic,8-Speed Automatic,SCFSMGFW3SGN09870,NEW,20,7,,230055.0,False,
300_617288993,2010,Aston Martin,V8 Vantage,Roadster,Convertible,Gray,Blue,8-Cylinder,4.7,Automatic,6-Speed Automatic,SCFEFBBC0AGD13389,USED,"58,000",1136,,,True,
300_715186036,2023,Aston Martin,V8 Vantage,Coupe,Coupe,Obsidian Black,Satin Jet Black,8-Cylinder Turbo,4,Automatic,8-Speed Automatic,SCFSMGAW3PGN50983,USED,"2,209",17,Dealer,187000.0,True,
300_718614025,2023,Aston Martin,V8 Vantage,Roadster,Convertible,All Onyx Black Haircell,Satin Lunar White,8-Cylinder Turbo,4,Automatic,8-Speed Automatic,SCFSMGBW3PGP07247,NEW,802,205,,,False,
300_720097392,2019,Aston Martin,V8 Vantage,Coupe,Coupe,,,8-Cylinder Turbo,4,Automatic,8-Speed Automatic,SCFSMGAW2KGN02061,USED,"23,246",153,Dealer,89998.0,True,
300_720653361,2019,Aston Martin,V8 Vantage,Coupe,Coupe,,,8-Cylinder Turbo,4,Automatic,8-Speed Automatic,SCFSMGAW3KGN01419,USED,"25,267",155,Dealer,89998.0,True,
300_723437844,2009,Aston Martin,V8 Vantage,Roadster,Convertible,,,8-Cylinder,4.7,Automatic,6-Speed Automatic,SCFBF04CX9GD13058,USED,"6,913",151,Dealer,49998.0,True,
300_727619854,2025,Aston Martin,V8 Vantage,Coupe,Coupe,Onyx Black,Podium Green,8-Cylinder Turbo,4,Automatic,8-Speed Automatic,SCFSMGFWXSGN09106,NEW,59,107,,,False,
300_728356746,2025,Aston Martin,V8 Vantage,Coupe,Coupe,Phantom Grey,Xenon Grey,8-Cylinder Turbo,4,Automatic,8-Speed Shiftable Automatic,SCFSMGFW3SGN09206,NEW,0,99,,,False,
300_728411964,2025,Aston Martin,V8 Vantage,Coupe,Coupe,Onyx Black/Glacier White,Seychelles Blue,8-Cylinder Turbo,4,Automatic,8-Speed Shiftable Automatic,SCFSMGFW6SGN09149,NEW,0,99,,,False,
300_731062943,2022,Aston Martin,V8 Vantage,Roadster,Convertible,Black,China Gray,8-Cylinder Turbo,4,Automatic,8-Speed Automatic,SCFSMGBW6NGP06705,USED,"8,140",17,Dealer,124990.0,True,
300_731086131,2020,Aston Martin,V8 Vantage,Coupe,Coupe,Brown,Blue,8-Cylinder Turbo,4,Automatic,8-Speed Automatic,SCFSMGAW9LGN04844,USED,"10,635",71,Dealer,86995.0,True,"[{'dateUpdated': '12.06.2024', 'price': '$89,995'}, {'dateUpdated': '12.16.2024', 'price': '$87,995'}, {'dateUpdated': '12.27.2024', 'price': '$87,995'}, {'dateUpdated': 'Price Today', 'price': '$86,995'}]"
300_731589260,2021,Aston Martin,V8 Vantage,Roadster,Convertible,,,8-Cylinder Turbo,4,Automatic,8-Speed Automatic,SCFSMGBW5MGP05821,USED,"8,787",65,Dealer,99998.0,True,
300_733030099,2025,Aston Martin,V8 Vantage,Coupe,Coupe,Oxford Tan,Minotaur Green,8-Cylinder Turbo,4,Automatic,8-Speed Automatic,SCFSMGFWXSGN09946,NEW,2,50,,,False,
300_734278328,2025,Aston Martin,V8 Vantage,Coupe,Coupe,Onyx Black,Jet Black,8-Cylinder Turbo,4,Automatic,8-Speed Automatic,SCFSMGFW2SGN10122,NEW,0,36,,242100.0,False,
300_734673436,2020,Aston Martin,V8 Vantage,Coupe,Coupe,Blue,Black,8-Cylinder Turbo,4,Automatic,8-Speed Automatic,SCFSMGAWXLGN03637,USED,"30,994",31,Dealer,81999.0,True,"[{'dateUpdated': '12.12.2024', 'price': '$85,999'}, {'dateUpdated': '01.02.2025', 'price': '$82,999'}, {'dateUpdated': '01.03.2025', 'price': '$82,599'}, {'dateUpdated': 'Price Today', 'price': '$81,999'}]"
300_735082304,2022,Aston Martin,V8 Vantage,Coupe,Coupe,Onyx Black,China Grey,8-Cylinder Turbo,4,Automatic,8-Speed Automatic,SCFSMGAW8NGN06359,USED,"3,120",27,Dealer,135900.0,True,"[{'dateUpdated': '12.16.2024', 'price': '$145,000'}, {'dateUpdated': '12.26.2024', 'price': '$145,000'}, {'dateUpdated': 'Price Today', 'price': '$135,900'}]"
300_735450847,2020,Aston Martin,V8 Vantage,Coupe,Coupe,,,8-Cylinder Turbo,4,Automatic,8-Speed Automatic,SCFSMGAW2LGN04281,USED,"34,710",24,Dealer,79998.0,True,
300_736339439,2022,Aston Martin,V8 Vantage,Roadster,Convertible,,White,8-Cylinder Turbo,4,Automatic,8-Speed Automatic,SCFSMGBW7NGP06812,USED,"1,533",12,Dealer,149999.0,True,
300_736498966,2019,Aston Martin,V8 Vantage,Coupe,Coupe,Obsidian Black,Lunar White,8-Cylinder Turbo,4,Automatic,8-Speed Automatic,SCFSMGAW4KGN02742,USED,"10,691",10,Dealer,95990.0,True,
300_736600998,2019,Aston Martin,V8 Vantage,Coupe,Coupe,,,8-Cylinder Turbo,4,Automatic,8-Speed Automatic,SCFSMGAW1KGN02830,USED,"14,079",9,Dealer,89998.0,True,
300_736628255,2023,Aston Martin,V8 Vantage,Roadster,Convertible,,White,8-Cylinder Turbo,4,Automatic,8-Speed Automatic,SCFSMGBW5PGP50536,USED,"7,839",8,Dealer,161995.0,True,
300_736809769,2012,Aston Martin,V8 Vantage,S,Convertible,,Black,8-Cylinder,4.7,Automatic,7-Speed Automatic,SCFEKBEL0CGD16075,USED,"35,515",6,Dealer,54900.0,True,
300_736896856,2008,Aston Martin,V8 Vantage,Roadster,Convertible,Black,Yellow,8-Cylinder,4.3,Automatic,6-Speed Automatic,SCFBF04BX8GD08643,USED,"28,269",5,Dealer,,False,
300_737110899,2008,Aston Martin,V8 Vantage,Roadster,Convertible,Cream Truffle,White,8-Cylinder,4.3,Automatic,6-Speed Automatic,SCFBF04B68GD09613,USED,"24,132",3,Dealer,44840.0,True,
300_737129380,2019,Aston Martin,V8 Vantage,Coupe,Coupe,,Grau,8-Cylinder Turbo,4,Automatic,8-Speed Automatic,SCFSMGAW9KGN01361,USED,"31,649",2,Dealer,81462.0,True,
